,watch name,watch prize,watch offer
0,LS2821 Bleed Blue Day and Date Functioning Strap Adult ...,"<div class=""_30jeq3"">₹299</div>",<span>85% off</span>
1,LS2734 Wolf Gents Exclusive Mesh Strap Analog Analog Wa...,"<div class=""_30jeq3"">₹223</div>",<span>88% off</span>
2,38024PP25 Minimalists Analog Watch  - For Men,"<div class=""_30jeq3"">₹765</div>",<span>10% off</span>
3,NEW GENERATION BLACK DIAL BLACK STRAP WATCHES Mens Watc...,"<div class=""_30jeq3"">₹246</div>",<span>75% off</span>
4,LS2856 Day and Date Function Steel Strap Quartz Analog ...,"<div class=""_30jeq3"">₹265</div>",<span>86% off</span>
5,LCS-8188 TRENDING DAY & DATE FUNCTIONING Analog Watch  ...,"<div class=""_30jeq3"">₹252</div>",<span>85% off</span>
6,Arrow Blk Arrow Boys Mens Black Wrist Watch For Boys An...,"<div class=""_30jeq3"">₹179</div>",<span>88% off</span>
7,BT7118 Mesh Strap All Black Smiley Multicolor Dial Quar...,"<div class=""_30jeq3"">₹223</div>",<span>77% off</span>
8,1170-BL-BR Unique New Day & Date Analog Watch  - For Me...,"<div class=""_30jeq3"">₹255</div>",<span>84% off</span>
9,CSD-276-GLD Original Gold Plating Day and Date Series A...,"<div class=""_30jeq3"">₹261</div>",<span>91% off</span>
10,PAIDDU Stylis Men's All New looks Sports Design Analog ...,"<div class=""_30jeq3"">₹269</div>",<span>79% off</span>
11,LS3223 Black Chain Strap Day and Date Functioning Moon ...,"<div class=""_30jeq3"">₹299</div>",<span>85% off</span>
12,1195-WH White Unique Analog Watch  - For Men,"<div class=""_30jeq3"">₹205</div>",<span>87% off</span>
13,Mesh Strap All Blue Men Watch & Free Premium King Stone...,"<div class=""_30jeq3"">₹239</div>",<span>52% off</span>
14,HMTY-7008 ORIGINAL GOLD PLATED DAY & DATE FUNCTIONING F...,"<div class=""_30jeq3"">₹384</div>",<span>87% off</span>
15,Men's Steel Chain RB03 Silver Blue Men style Boys Hand ...,"<div class=""_30jeq3"">₹169</div>",<span>88% off</span>
16,Fashion-365 Minimalist Style White Color Spiral Turntab...,"<div class=""_30jeq3"">₹249</div>",<span>50% off</span>
17,LS3062 Day & Date Original HMTS Gold Plated Adjsutable ...,"<div class=""_30jeq3"">₹416</div>",<span>89% off</span>
18,1164-BR Brown Day and Date Unique New Analog Watch  - F...,"<div class=""_30jeq3"">₹255</div>",<span>84% off</span>
19,Men Sport Watch High-end Silicone Strap Military Wrist ...,"<div class=""_30jeq3"">₹241</div>",<span>87% off</span>
20,New Combo Of Blue Mahadev & Hanuman Printed PU Strap An...,"<div class=""_30jeq3"">₹260</div>",<span>79% off</span>
21,LS2989 Minimalistic Slim Series HMTS Quartz Analog Watc...,"<div class=""_30jeq3"">₹239</div>",<span>88% off</span>
22,Combo Pack Of 2 New Arrival Black & Brown Analog Watch ...,"<div class=""_30jeq3"">₹269</div>",<span>82% off</span>
23,EH-226-OLIVE Olive Day and Date Analog Watch  - For Men,"<div class=""_30jeq3"">₹319</div>",<span>87% off</span>
24,Leather Strap New Dial New Arrival Watch New Fashion St...,"<div class=""_30jeq3"">₹218</div>",<span>78% off</span>
25,ES109 Chronograph Pattern Combo of 3 watches Analog Wat...,"<div class=""_30jeq3"">₹496</div>",<span>83% off</span>
26,LCS-8190 Trending Day & Date Functioning Analog Watch  ...,"<div class=""_30jeq3"">₹252</div>",<span>85% off</span>
27,2152-BL-BR Working Day and Date Analog Watch  - For Men,"<div class=""_30jeq3"">₹235</div>",<span>88% off</span>
28,TW00ZR347 Analog Watch  - For Men,"<div class=""_30jeq3"">₹749</div>",<span>49% off</span>
29,LS3078 All Black Day & Date Functioning Long Life Black...,"<div class=""_30jeq3"">₹428</div>",<span>89% off</span>
30,ADDI-1 SQUARE SHAPE LUXURIOS SILICONE STRAP Analog Watc...,"<div class=""_30jeq3"">₹269</div>",<span>73% off</span>
31,LS3227 Day and Date Functioning Green Dial Metal Strap ...,"<div class=""_30jeq3"">₹359</div>",<span>82% off</span>
32,ANLG-428-BLUE-BLUE-21-WAYFARER Freebie Wayfarer Sunglas...,"<div class=""_30jeq3"">₹229</div>",<span>88% off</span>
33,D&D C22 BLUE BLACK Classy Look Blue Dial and Black Chai...,"<div class=""_30jeq3"">₹256</div>",<span>83% off</span>
34,Stylish Brown Sports Men Watches Multifunctional Luxury...,"<div class=""_30jeq3"">₹404</div>",<span>79% off</span>
35,32-BK-CK Analogue Display with Exclusive Design Analog ...,"<div class=""_30jeq3"">₹202</div>",<span>87% off</span>
36,2049-WH White Day and Date Analog Watch  - For Men,"<div class=""_30jeq3"">₹319</div>",<span>87% off</span>
37,LS2978 Day and Date Functioning Steel Strap New Quartz ...,"<div class=""_30jeq3"">₹263</div>",<span>86% off</span>
38,38024PP24 Minimalists Analog Watch  - For Men,"<div class=""_30jeq3"">₹680</div>",<span>20% off</span>
39,2038-WH Day and Date Analog Watch  - For Men,"<div class=""_30jeq3"">₹261</div>",<span>85% off</span>
